time,lasttime,lat,lng,speed,course,altitude,Temperature (Celsius),Pressure (Pa),Ascent Rate (m/s),Distance Traveled (m),Absolute Course Difference (degrees)
1/18/2022 18:35,1/18/2022 18:35,34.72267,-86.64383,4,34,680.01,14,94129,0,0,0
1/18/2022 18:36,1/18/2022 18:36,34.72467,-86.64333,11,27,778.76,13,93081,1.6458333333333333,229.0611945839468,7
1/18/2022 18:37,1/18/2022 18:37,34.727,-86.64317,11,356,852.83,12,92178,1.2345000000000008,259.49830730383,31
1/18/2022 18:38,1/18/2022 18:38,34.729,-86.64233,11,51,949.76,11,91057,1.615499999999999,241.02636987049408,55
1/18/2022 18:39,1/18/2022 18:39,34.72933,-86.63933,20,74,972.92,11,90866,0.38599999999999945,335.34360087013795,23
1/18/2022 18:40,1/18/2022 18:40,34.73,-86.63617,17,82,1054.91,13,89925,1.366500000000002,358.9160486966312,8
1/18/2022 18:41,1/18/2022 18:41,34.731,-86.63333,17,64,1136.9,13,89005,1.3665,334.54560797148156,18
1/18/2022 18:42,1/18/2022 18:42,34.7315,-86.62967,20,84,1215.85,13,88152,1.3158333333333303,410.44349258120536,20
1/18/2022 18:43,1/18/2022 18:43,34.732,-86.6255,22,81,1285.95,13,87392,1.1683333333333357,466.65164952341365,3
1/18/2022 18:44,1/18/2022 18:44,34.73267,-86.621,28,76,1358.8,13,86632,1.214166666666665,505.5110920897257,5
1/18/2022 18:45,1/18/2022 18:45,34.73433,-86.6155,33,65,1438.96,13,85769,1.3360000000000014,638.3382553607057,11
1/18/2022 18:46,1/18/2022 18:46,34.73633,-86.61017,31,67,1524.91,14,84882,1.4325000000000008,632.5417585614982,2
1/18/2022 18:47,1/18/2022 18:47,34.73783,-86.60533,26,69,1613.92,14,83959,1.4834999999999998,563.0116180723539,2
1/18/2022 18:48,1/18/2022 18:48,34.739,-86.60033,28,75,1706.88,14,83003,1.549333333333334,570.5622877690961,6
1/18/2022 18:49,1/18/2022 18:49,34.7395,-86.59483,31,85,1805.94,14,81995,1.6509999999999991,613.6305539901318,10
1/18/2022 18:50,1/18/2022 18:50,34.73967,-86.589,33,94,1897.99,14,81047,1.5341666666666658,648.0524666733006,9
1/18/2022 18:51,1/18/2022 18:51,34.73917,-86.5825,35,96,1973.88,13,80316,1.264833333333335,724.355098444721,2
1/18/2022 18:52,1/18/2022 18:52,34.73867,-86.57617,33,96,2025.09,13,79797,0.8534999999999968,705.5233532645354,0
1/18/2022 18:53,1/18/2022 18:53,34.73833,-86.56983,33,91,2072.03,13,79348,0.782333333333338,705.4559805303687,5
1/18/2022 18:54,1/18/2022 18:54,34.73783,-86.56333,33,98,2122.93,12,78835,0.8483333333333273,724.355098444721,7
1/18/2022 18:55,1/18/2022 18:55,34.737,-86.5565,39,99,2179.93,12,78275,0.95,764.47113425922,1
1/18/2022 18:56,1/18/2022 18:56,34.73583,-86.54967,37,103,2246.99,12,77625,1.1176666666666657,769.9423095621527,4
1/18/2022 18:57,1/18/2022 18:57,34.73417,-86.54217,46,102,2325.93,11,76874,1.3156666666666677,853.5002874074568,1
1/18/2022 18:58,1/18/2022 18:58,34.7325,-86.53367,46,103,2410.05,11,76061,1.4020000000000057,962.4989974163823,1
1/18/2022 18:59,1/18/2022 18:59,34.73083,-86.525,50,101,2496.01,11,75248,1.4326666666666674,981.0402899090205,2
1/18/2022 19:00,1/18/2022 19:00,34.72917,-86.516,48,103,2581.96,11,74441,1.432499999999997,1016.8666014024541,2
1/18/2022 19:01,1/18/2022 19:01,34.72767,-86.50717,50,97,2662.12,11,73701,1.3359999999999976,995.1657195721585,6
1/18/2022 19:02,1/18/2022 19:02,34.72633,-86.49733,57,100,2744.11,11,72966,1.366500000000004,1103.4234200530952,3
1/18/2022 19:03,1/18/2022 19:03,34.7245,-86.48667,57,104,2813.91,11,72336,1.1633333333333287,1201.7696109967687,4
1/18/2022 19:04,1/18/2022 19:04,34.722,-86.47717,50,112,2872.13,11,71801,0.9703333333333376,1091.4923920838844,8
1/18/2022 19:05,1/18/2022 19:05,34.71933,-86.46833,54,111,2934.92,11,71245,1.0464999999999995,1026.0455639968625,1
1/18/2022 19:06,1/18/2022 19:06,34.71633,-86.459,54,110,3005.02,11,70627,1.1683333333333317,1088.938252294557,1
1/18/2022 19:07,1/18/2022 19:07,34.71367,-86.44967,56,107,3086.1,10,69913,1.3513333333333322,1077.9742761950197,3
1/18/2022 19:08,1/18/2022 19:08,34.71133,-86.44,54,105,3176.93,11,69124,1.513833333333332,1105.4539430194307,2
1/18/2022 19:09,1/18/2022 19:09,34.709,-86.43,59,105,3258.01,10,68407,1.3513333333333397,1140.871927448764,0
1/18/2022 19:10,1/18/2022 19:10,34.707,-86.4195,61,105,3332.07,10,67789,1.2343333333333326,1187.64094160496,0
1/18/2022 19:11,1/18/2022 19:11,34.70483,-86.409,57,104,3396.08,11,67225,1.0668333333333293,1191.3197893599538,1
1/18/2022 19:12,1/18/2022 19:12,34.70283,-86.39883,54,99,3464.97,10,66656,1.1481666666666646,1151.6423331425249,5
1/18/2022 19:13,1/18/2022 19:13,34.7015,-86.38867,56,97,3532.94,9,66083,1.1328333333333376,1138.5191270267976,2
1/18/2022 19:14,1/18/2022 19:14,34.70033,-86.37867,57,98,3609.14,9,65435,1.2699999999999971,1118.689142836979,1
1/18/2022 19:15,1/18/2022 19:15,34.69967,-86.36783,63,91,3692.04,8,64766,1.3816666666666682,1206.673644944832,7
1/18/2022 19:16,1/18/2022 19:16,34.69983,-86.3565,63,92,3774.03,9,64079,1.366500000000004,1259.0131507327096,1
1/18/2022 19:17,1/18/2022 19:17,34.69967,-86.345,63,89,3853.89,9,63433,1.3309999999999944,1277.900165389426,3
1/18/2022 19:18,1/18/2022 19:18,34.6995,-86.33333,63,91,3930.09,9,62827,1.2700000000000047,1296.8029423029986,2
1/18/2022 19:19,1/18/2022 19:19,34.699,-86.3215,65,93,3997.15,9,62288,1.1176666666666657,1315.6166446140196,2
1/18/2022 19:20,1/18/2022 19:20,34.69817,-86.30983,65,96,4057.19,8,61831,1.000666666666666,1299.940769042035,3
1/18/2022 19:21,1/18/2022 19:21,34.69733,-86.298,63,95,4111.14,9,61390,0.8991666666666712,1317.7525699819369,1
1/18/2022 19:22,1/18/2022 19:22,34.69667,-86.28617,63,93,4171.19,8,60908,1.0008333333333213,1316.487185287975,2
1/18/2022 19:23,1/18/2022 19:23,34.696,-86.2745,61,94,4246.17,8,60347,1.2496666666666745,1298.8006182553725,1
1/18/2022 19:24,1/18/2022 19:24,34.69517,-86.263,65,95,4326.94,7,59707,1.3461666666666587,1281.1001932766421,1
1/18/2022 19:25,1/18/2022 19:25,34.69433,-86.25117,65,95,4411.98,7,59057,1.4173333333333327,1317.7525699819369,0
1/18/2022 19:26,1/18/2022 19:26,34.69333,-86.2395,63,94,4486.05,6,58510,1.2345000000000104,1301.4172029279434,1
1/18/2022 19:27,1/18/2022 19:27,34.69233,-86.22767,69,95,4556.15,6,57990,1.1683333333333241,1319.130924634204,1
1/18/2022 19:28,1/18/2022 19:28,34.6915,-86.21533,67,93,4621.99,6,57483,1.0973333333333357,1374.2077136980886,2
1/18/2022 19:29,1/18/2022 19:29,34.69083,-86.2025,69,92,4689.04,6,57018,1.117500000000003,1427.496599569615,1
1/18/2022 19:30,1/18/2022 19:30,34.69,-86.19,69,95,4753.97,5,56543,1.0821666666666716,1391.945907325021,3
1/18/2022 19:31,1/18/2022 19:31,34.68867,-86.17733,70,98,4816.14,5,56066,1.0361666666666678,1415.5114043548515,3
1/18/2022 19:32,1/18/2022 19:32,34.68733,-86.165,69,96,4885.03,5,55584,1.148166666666657,1378.0653479055513,2
1/18/2022 19:33,1/18/2022 19:33,34.68617,-86.15283,67,98,4951.17,4,55135,1.102333333333339,1358.3495845037837,2
1/18/2022 19:34,1/18/2022 19:34,34.68467,-86.14067,70,99,5015.18,4,54662,1.0668333333333369,1361.3505447855182,1
1/18/2022 19:35,1/18/2022 19:35,34.683,-86.128,72,98,5081.02,3,54183,1.0973333333333357,1419.9525003555873,1
1/18/2022 19:36,1/18/2022 19:36,34.68167,-86.115,70,96,5146.24,3,53732,1.086999999999989,1451.9827162122806,2
1/18/2022 19:37,1/18/2022 19:37,34.6805,-86.10217,70,95,5211.17,3,53308,1.0821666666666716,1431.4693652879866,1
1/18/2022 19:38,1/18/2022 19:38,34.6795,-86.08917,72,93,5278.22,2,52839,1.117500000000003,1448.710196889563,2
1/18/2022 19:39,1/18/2022 19:39,34.67867,-86.07583,76,93,5354.12,2,52316,1.264999999999994,1485.0869480766837,0
1/18/2022 19:40,1/18/2022 19:40,34.678,-86.062,78,93,5431.23,3,51737,1.2851666666666612,1538.4673171641164,0
1/18/2022 19:41,1/18/2022 19:41,34.67717,-86.048,76,94,5519.01,1,51149,1.463000000000011,1558.2853295132745,1
1/18/2022 19:42,1/18/2022 19:42,34.67617,-86.03367,78,95,5604.05,2,50563,1.4173333333333327,1596.0927883174322,1
1/18/2022 19:43,1/18/2022 19:43,34.67517,-86.0195,74,95,5689.09,1,50025,1.4173333333333327,1578.3586427733308,0
1/18/2022 19:44,1/18/2022 19:44,34.67417,-86.0055,78,94,5770.17,0,49509,1.3513333333333322,1559.5172013272775,1
1/18/2022 19:45,1/18/2022 19:45,34.67317,-85.99133,78,93,5842.1,0,49040,1.1988333333333383,1578.3586427717557,1
1/18/2022 19:46,1/18/2022 19:46,34.67217,-85.97683,81,92,5910.99,0,48588,1.148166666666657,1614.9363688116448,1
1/18/2022 19:47,1/18/2022 19:47,34.67133,-85.962,81,93,5981.09,0,48139,1.1683333333333394,1650.4173012568717,1
1/18/2022 19:48,1/18/2022 19:48,34.67017,-85.94733,78,95,6048.15,0,47687,1.1176666666666581,1635.086235848251,2
1/18/2022 19:49,1/18/2022 19:49,34.669,-85.933,80,95,6119.16,0,47233,1.1835000000000035,1597.5188577268868,0
1/18/2022 19:50,1/18/2022 19:50,34.66767,-85.91883,80,97,6188.05,-1,46830,1.148166666666672,1581.3628865079036,2
1/18/2022 19:51,1/18/2022 19:51,34.66633,-85.90467,76,96,6254.19,-2,46405,1.1023333333333236,1580.3609346996757,1
1/18/2022 19:52,1/18/2022 19:52,34.66533,-85.89033,81,94,6325.21,-3,45977,1.183666666666674,1597.201204610432,2
1/18/2022 19:53,1/18/2022 19:53,34.66417,-85.87567,78,95,6395.01,-3,45525,1.1633333333333362,1633.9785856145427,1
1/18/2022 19:54,1/18/2022 19:54,34.66267,-85.86117,80,98,6464.2,-3,45099,1.15316666666666,1619.7072399701901,3
1/18/2022 19:55,1/18/2022 19:55,34.66067,-85.84633,85,101,6531.25,-3,44685,1.117500000000003,1663.794382584884,3
1/18/2022 19:56,1/18/2022 19:56,34.658,-85.831,87,103,6607.15,-4,44267,1.264999999999994,1728.9735616383477,2
1/18/2022 19:57,1/18/2022 19:57,34.655,-85.815,85,106,6676.03,-4,43823,1.148000000000002,1808.7560352538205,3
1/18/2022 19:58,1/18/2022 19:58,34.65217,-85.79867,93,102,6751.32,-4,43380,1.2548333333333326,1841.4877595171608,4
1/18/2022 19:59,1/18/2022 19:59,34.6495,-85.782,93,99,6825.08,-4,42943,1.229333333333337,1875.8281462153107,3
1/18/2022 20:00,1/18/2022 20:00,34.64733,-85.765,96,97,6895.19,-5,42536,1.1684999999999945,1904.2133678765615,2
1/18/2022 20:01,1/18/2022 20:01,34.6455,-85.748,94,95,6965.29,-6,42120,1.1683333333333394,1899.7995843043022,2
1/18/2022 20:02,1/18/2022 20:02,34.64383,-85.73083,94,95,7039.05,-6,41685,1.229333333333337,1916.7784341162244,0
1/18/2022 20:03,1/18/2022 20:03,34.642,-85.71383,91,98,7125.31,-7,41225,1.4376666666666702,1899.7995843043022,3
1/18/2022 20:04,1/18/2022 20:04,34.64,-85.69717,91,99,7216.14,-8,40738,1.513833333333332,1864.4002010680422,1
1/18/2022 20:05,1/18/2022 20:05,34.638,-85.68083,91,96,7301.18,-8,40253,1.4173333333333327,1829.1030589094585,3
1/18/2022 20:06,1/18/2022 20:06,34.63633,-85.6645,89,96,7391.1,-9,39780,1.498666666666668,1823.9059331269218,0
1/18/2022 20:07,1/18/2022 20:07,34.63483,-85.64817,91,94,7473.09,-8,39311,1.3664999999999965,1822.0811671788524,2
1/18/2022 20:08,1/18/2022 20:08,34.63367,-85.6315,89,96,7558.13,-9,38844,1.4173333333333327,1856.699386409492,2
1/18/2022 20:09,1/18/2022 20:09,34.632,-85.6155,85,98,7638.29,-9,38386,1.3359999999999976,1787.433439743736,2
1/18/2022 20:10,1/18/2022 20:10,34.63017,-85.59967,87,99,7723.33,-10,37964,1.4173333333333327,1770.6011120048508,1
1/18/2022 20:11,1/18/2022 20:11,34.62817,-85.58417,89,97,7802.27,-10,37543,1.315666666666675,1736.4982199546023,2
1/18/2022 20:12,1/18/2022 20:12,34.6265,-85.56817,91,95,7881.21,-11,37128,1.31566666666666,1787.433439743654,2
1/18/2022 20:13,1/18/2022 20:13,34.62483,-85.55183,87,97,7956.19,-11,36723,1.2496666666666594,1825.0112816537703,2
1/18/2022 20:14,1/18/2022 20:14,34.623,-85.5355,91,98,8033.31,-11,36332,1.2853333333333468,1825.8002134175865,1
1/18/2022 20:15,1/18/2022 20:15,34.62117,-85.51833,93,97,8109.2,-12,35940,1.2648333333333235,1918.581020417646,1
1/18/2022 20:16,1/18/2022 20:16,34.61917,-85.501,93,97,8187.23,-12,35538,1.3004999999999958,1938.3341815308324,0
1/18/2022 20:17,1/18/2022 20:17,34.61733,-85.4835,100,96,8271.36,-12,35111,1.4021666666666837,1955.160884191997,1
1/18/2022 20:18,1/18/2022 20:18,34.6155,-85.46567,98,95,8358.23,-13,34679,1.4478333333333164,1991.5164440010947,1
1/18/2022 20:19,1/18/2022 20:19,34.61417,-85.44783,98,95,8446.31,-14,34254,1.4679999999999989,1987.7211343135905,0
1/18/2022 20:20,1/18/2022 20:20,34.613,-85.43,96,95,8533.18,-14,33825,1.4478333333333469,1985.3698273028988,0
1/18/2022 20:21,1/18/2022 20:21,34.61167,-85.41217,94,95,8622.18,-15,33412,1.4833333333333332,1986.6131009583723,0
1/18/2022 20:22,1/18/2022 20:22,34.61,-85.39483,93,98,8708.14,-16,32989,1.432666666666652,1935.5794521788175,3
1/18/2022 20:23,1/18/2022 20:23,34.60833,-85.37733,98,95,8797.14,-16,32574,1.4833333333333332,1953.2760765291816,3
1/18/2022 20:24,1/18/2022 20:24,34.60667,-85.359,104,96,8874.25,-18,32215,1.2851666666666763,2044.9993887878609,1
1/18/2022 20:25,1/18/2022 20:25,34.605,-85.34033,104,94,8954.41,-17,31818,1.3359999999999976,2082.7246437749077,2
1/18/2022 20:26,1/18/2022 20:26,34.60383,-85.32133,106,93,9038.23,-18,31445,1.3969999999999954,2115.1078402948538,1
1/18/2022 20:27,1/18/2022 20:27,34.60267,-85.3015,109,94,9117.18,-18,31077,1.3158333333333454,2207.097727985972,1
1/18/2022 20:28,1/18/2022 20:28,34.6015,-85.2815,109,93,9200.39,-16,30700,1.3868333333333187,2226.019248480373,1
1/18/2022 20:29,1/18/2022 20:29,34.6005,-85.2615,109,94,9280.25,-16,30342,1.3310000000000097,2224.996041056962,1
1/18/2022 20:30,1/18/2022 20:30,34.59933,-85.24167,106,92,9361.32,-17,29975,1.3511666666666617,2207.162892635341,2
1/18/2022 20:31,1/18/2022 20:31,34.59817,-85.22183,113,94,9444.23,-18,29611,1.3818333333333308,2208.2069427369206,2
1/18/2022 20:32,1/18/2022 20:32,34.59683,-85.20117,119,94,9530.18,-20,29242,1.432500000000012,2300.376627074731,0
1/18/2022 20:33,1/18/2022 20:33,34.5955,-85.18,115,93,9614.31,-18,28882,1.4021666666666535,2356.857345014756,1
1/18/2022 20:34,1/18/2022 20:34,34.594,-85.159,111,95,9687.46,-20,28575,1.2191666666666605,2339.2758019916473,2
1/18/2022 20:35,1/18/2022 20:35,34.5925,-85.13833,115,93,9762.44,-21,28271,1.2496666666666898,2302.703834767884,2
1/18/2022 20:37,1/18/2022 20:37,34.59,-85.09633,113,93,9908.44,-22,27667,1.2166666666666668,4674.921877609482,0
1/18/2022 20:38,1/18/2022 20:38,34.58883,-85.075,120,92,9984.33,-24,27381,1.2648333333333235,2373.560349433188,1
1/18/2022 20:39,1/18/2022 20:39,34.58767,-85.05333,119,92,10056.27,-25,27085,1.1990000000000085,2411.2226244859885,0
1/18/2022 20:40,1/18/2022 20:40,34.58667,-85.03133,119,93,10130.33,-25,26771,1.2343333333333248,2446.9659469817198,1
1/18/2022 20:41,1/18/2022 20:41,34.5855,-85.009,120,93,10209.28,-26,26474,1.3158333333333454,2484.5120245348958,0
1/18/2022 20:42,1/18/2022 20:42,34.5845,-84.9865,124,92,10293.4,-25,26123,1.401999999999983,2502.4654152103467,1
1/18/2022 20:43,1/18/2022 20:43,34.5835,-84.96367,126,94,10379.35,-24,25780,1.432500000000012,2539.096406747301,2
1/18/2022 20:44,1/18/2022 20:44,34.58217,-84.94083,124,93,10466.22,-24,25440,1.4478333333333164,2542.0742311503795,1
1/18/2022 20:45,1/18/2022 20:45,34.58067,-84.918,128,95,10548.21,-24,25097,1.3664999999999965,2542.133480100987,2
1/18/2022 20:46,1/18/2022 20:46,34.57917,-84.89533,124,94,10633.25,-25,24782,1.417333333333348,2524.3942376730442,1
1/18/2022 20:47,1/18/2022 20:47,34.57767,-84.87267,124,95,10715.24,-25,24469,1.3664999999999965,2523.285553022365,1
1/18/2022 20:48,1/18/2022 20:48,34.57633,-84.8505,120,94,10797.24,-25,24150,1.3666666666666667,2467.826337487138,1
1/18/2022 20:49,1/18/2022 20:49,34.575,-84.82867,119,92,10880.45,-26,23843,1.3868333333333491,2430.0506608665537,2
1/18/2022 20:50,1/18/2022 20:50,34.574,-84.807,117,92,10961.52,-27,23564,1.3511666666666617,2410.337712168134,0
1/18/2022 20:51,1/18/2022 20:51,34.573,-84.78567,119,91,11039.25,-29,23290,1.2954999999999925,2372.600771417255,1
1/18/2022 20:52,1/18/2022 20:52,34.5725,-84.764,124,92,11119.41,-30,23009,1.3359999999999976,2408.41621111449,1
1/18/2022 20:53,1/18/2022 20:53,34.57217,-84.742,124,90,11200.49,-29,22688,1.3513333333333322,2444.7169842570424,2
1/18/2022 20:54,1/18/2022 20:54,34.57217,-84.7195,122,89,11283.39,-28,22375,1.3816666666666606,2499.9975000008844,1
1/18/2022 20:55,1/18/2022 20:55,34.57183,-84.69717,120,89,11361.42,-29,22112,1.3005000000000109,2481.3962181598768,0
1/18/2022 20:56,1/18/2022 20:56,34.57217,-84.6745,128,89,11438.53,-31,21870,1.2851666666666763,2519.1696454614043,0
1/18/2022 20:57,1/18/2022 20:57,34.57333,-84.65133,128,85,11513.52,-33,21635,1.2498333333333298,2577.6662418667656,4
1/18/2022 20:58,1/18/2022 20:58,34.57433,-84.6285,128,89,11589.41,-34,21371,1.2648333333333235,2539.096406745758,4
1/18/2022 20:59,1/18/2022 20:59,34.57467,-84.60533,126,88,11672.32,-34,21079,1.3818333333333308,2574.719033147661,1
1/18/2022 21:00,1/18/2022 21:00,34.57617,-84.58183,133,84,11756.44,-33,20776,1.4020000000000132,2616.4222367564535,4
1/18/2022 21:01,1/18/2022 21:01,34.57767,-84.55783,135,86,11839.35,-33,20511,1.3818333333333308,2671.8672517770774,2
1/18/2022 21:02,1/18/2022 21:02,34.57867,-84.533,137,88,11920.42,-33,20244,1.3511666666666617,2761.1226580186612,2
1/18/2022 21:03,1/18/2022 21:03,34.57867,-84.508,137,91,12002.41,-33,19983,1.3664999999999965,2777.7750000006317,3
1/18/2022 21:04,1/18/2022 21:04,34.57883,-84.48267,143,88,12087.45,-30,19704,1.417333333333348,2814.4977771221716,3
1/18/2022 21:05,1/18/2022 21:05,34.5795,-84.45683,137,87,12172.49,-30,19436,1.4173333333333176,2872.0732041544584,1
1/18/2022 21:06,1/18/2022 21:06,34.57983,-84.43133,143,89,12254.48,-28,19163,1.3664999999999965,2833.567744731353,2
1/18/2022 21:07,1/18/2022 21:07,34.58,-84.40483,143,91,12337.39,-29,18915,1.3818333333333308,2944.5020863180284,2
1/18/2022 21:08,1/18/2022 21:08,34.57933,-84.37867,143,91,12417.55,-29,18671,1.3359999999999976,2907.616924205262,0
1/18/2022 21:09,1/18/2022 21:09,34.57917,-84.35233,144,90,12503.51,-27,18415,1.4326666666666823,2926.717734217713,1
1/18/2022 21:10,1/18/2022 21:10,34.58017,-84.32617,146,86,12605.61,-28,18117,1.7016666666666727,2908.7866659506194,4
1/18/2022 21:11,1/18/2022 21:11,34.58133,-84.29983,144,88,12708.33,-28,17830,1.711999999999989,2929.5004624488697,2
1/18/2022 21:12,1/18/2022 21:12,34.582,-84.27433,139,88,12800.38,-28,17568,1.5341666666666547,2834.308325932638,0
1/18/2022 21:13,1/18/2022 21:13,34.58267,-84.24933,137,86,12871.4,-27,17366,1.183666666666674,2778.7723755020306,2
1/18/2022 21:14,1/18/2022 21:14,34.58383,-84.22367,143,87,12946.38,-27,17150,1.2496666666666594,2854.020080990287,1
1/18/2022 21:15,1/18/2022 21:15,34.58517,-84.19783,144,85,13037.52,-28,16902,1.5190000000000206,2874.966153313135,2
1/18/2022 21:16,1/18/2022 21:16,34.587,-84.1715,143,83,13140.54,-29,16633,1.7170000000000074,2932.6101944610273,2
1/18/2022 21:17,1/18/2022 21:17,34.5895,-84.14517,146,84,13234.42,-29,16385,1.5646666666666533,2938.7103515669955,1
1/18/2022 21:18,1/18/2022 21:18,34.59067,-84.11917,144,88,13315.49,-30,16164,1.3511666666666617,2891.8095177922187,4
1/18/2022 21:19,1/18/2022 21:19,34.59133,-84.09267,148,87,13395.35,-28,15961,1.3310000000000097,2945.3545650640303,1
1/18/2022 21:20,1/18/2022 21:20,34.592,-84.06567,152,89,13484.66,-27,15743,1.4884999999999915,3000.9205194797096,2
1/18/2022 21:21,1/18/2022 21:21,34.59233,-84.0395,143,90,13579.45,-28,15512,1.5798333333333479,2908.0060413201986,1
1/18/2022 21:22,1/18/2022 21:22,34.59267,-84.01333,148,88,13674.55,-30,15293,1.5849999999999758,2908.020263383309,2
1/18/2022 21:23,1/18/2022 21:23,34.59317,-83.9865,146,88,13765.38,-29,15055,1.513833333333332,2981.625747193224,0
1/18/2022 21:24,1/18/2022 21:24,34.59283,-83.95983,144,91,13866.57,-28,14821,1.6865000000000085,2963.571163210092,3
1/18/2022 21:25,1/18/2022 21:25,34.59167,-83.93383,141,93,13965.63,-27,14578,1.6509999999999914,2891.759781421668,2
1/18/2022 21:26,1/18/2022 21:26,34.59067,-83.90833,139,90,14064.39,-27,14346,1.6460000000000037,2835.5083100825727,3
1/18/2022 21:27,1/18/2022 21:27,34.59033,-83.88317,139,91,14149.43,-27,14152,1.417333333333348,2795.8080033476735,1
1/18/2022 21:28,1/18/2022 21:28,34.59017,-83.857,148,90,14220.44,-27,13993,1.1835000000000035,2907.829214957274,1
1/18/2022 21:29,1/18/2022 21:29,34.58967,-83.83017,148,91,14292.68,-27,13828,1.2039999999999964,2981.6257471948024,1
1/18/2022 21:30,1/18/2022 21:30,34.5895,-83.80383,141,90,14382.6,-27,13629,1.498666666666668,2926.7246943357113,1
1/18/2022 21:31,1/18/2022 21:31,34.58967,-83.77783,144,89,14477.7,-29,13419,1.5850000000000062,2888.947751416176,1
1/18/2022 21:32,1/18/2022 21:32,34.58917,-83.752,139,93,14581.63,-29,13195,1.732166666666641,2870.534782891138,4
1/18/2022 21:33,1/18/2022 21:33,34.5885,-83.72767,131,92,14682.52,-29,12979,1.6815000000000206,2704.355460976989,1
1/18/2022 21:34,1/18/2022 21:34,34.588,-83.703,139,90,14788.59,-30,12754,1.7678333333333285,2741.6712986177954,2
1/18/2022 21:35,1/18/2022 21:35,34.58783,-83.67783,139,91,14891.61,-30,12531,1.7170000000000074,2796.727657669765,1
1/18/2022 21:36,1/18/2022 21:36,34.58817,-83.65233,141,86,14993.72,-30,12320,1.7018333333333129,2833.58234040691,5
1/18/2022 21:37,1/18/2022 21:37,34.58883,-83.62683,139,89,15091.56,-31,12121,1.6306666666666692,2834.2793597769464,3
1/18/2022 21:38,1/18/2022 21:38,34.5885,-83.6015,137,91,15180.56,-30,11953,1.4833333333333332,2814.680466843539,2
1/18/2022 21:39,1/18/2022 21:39,34.5875,-83.576,141,91,15262.56,-31,11795,1.3666666666666667,2835.5083100841816,0
1/18/2022 21:40,1/18/2022 21:40,34.58683,-83.55,144,91,15335.71,-31,11636,1.2191666666666605,2889.8450278896066,0
1/18/2022 21:41,1/18/2022 21:41,34.58567,-83.52433,139,93,15421.66,-31,11478,1.432500000000012,2855.130057817293,2
1/18/2022 21:42,1/18/2022 21:42,34.58483,-83.5,130,90,15513.71,-29,11304,1.5341666666666547,2704.941328160166,3
1/18/2022 21:43,1/18/2022 21:43,34.58517,-83.47583,133,86,15606.67,-30,11136,1.5493333333333492,2685.8185670673247,4
1/18/2022 21:44,1/18/2022 21:44,34.58683,-83.451,139,84,15690.49,-29,10982,1.3969999999999954,2765.044730806108,2
1/18/2022 21:45,1/18/2022 21:45,34.589,-83.426,139,85,15768.52,-29,10852,1.3005000000000109,2788.2195756883766,1
1/18/2022 21:46,1/18/2022 21:46,34.5915,-83.4005,141,83,15847.77,-30,10698,1.3208333333333333,2846.9144809322743,2
1/18/2022 21:47,1/18/2022 21:47,34.59267,-83.3755,131,88,15936.77,-29,10552,1.4833333333333332,2780.815333102794,5
1/18/2022 21:48,1/18/2022 21:48,34.59333,-83.35083,135,86,16023.64,-26,10398,1.4478333333333164,2742.089142078826,2
1/18/2022 21:49,1/18/2022 21:49,34.5945,-83.32533,144,85,16116.6,-26,10251,1.5493333333333492,2836.3112820061197,1
1/18/2022 21:50,1/18/2022 21:50,34.59617,-83.29933,144,83,16209.57,-26,10086,1.549499999999989,2894.839048432504,2
1/18/2022 21:51,1/18/2022 21:51,34.59867,-83.2725,152,83,16305.58,-26,9931,1.6001666666666703,2994.021713725669,0
1/18/2022 21:52,1/18/2022 21:52,34.6015,-83.2445,152,84,16397.63,-25,9782,1.5341666666666847,3126.958282188915,1
1/18/2022 21:53,1/18/2022 21:53,34.60267,-83.217,148,88,16502.79,-27,9601,1.7526666666666644,3058.316701464817,4
1/18/2022 21:54,1/18/2022 21:54,34.60333,-83.18983,146,87,16617.7,-27,9424,1.9151666666666642,3019.776426013452,1
1/18/2022 21:55,1/18/2022 21:55,34.604,-83.16367,141,87,16711.57,-27,9272,1.564499999999983,2907.616924205262,0
1/18/2022 21:56,1/18/2022 21:56,34.60483,-83.13783,141,88,16793.57,-27,9137,1.3666666666666667,2872.588979833195,1
1/18/2022 21:57,1/18/2022 21:57,34.60567,-83.11233,137,88,16871.59,-28,9019,1.3003333333333407,2834.8673365636278,0
1/18/2022 21:58,1/18/2022 21:58,34.60667,-83.08733,141,88,16958.77,-29,8891,1.453000000000005,2779.996331823021,0
1/18/2022 21:59,1/18/2022 21:59,34.60683,-83.06183,139,90,17045.64,-30,8760,1.4478333333333164,2833.3862728150934,2
1/18/2022 22:00,1/18/2022 22:00,34.6065,-83.037,131,91,17145.61,-31,8606,1.6661666666666861,2759.1297758638534,1
1/18/2022 22:01,1/18/2022 22:01,34.606,-83.01317,130,92,17253.81,-31,8441,1.8033333333333454,2648.3578973826293,1
1/18/2022 22:02,1/18/2022 22:02,34.605,-82.98883,135,94,17352.57,-31,8301,1.6459999999999733,2706.7232550412255,2
1/18/2022 22:03,1/18/2022 22:03,34.60267,-82.96467,128,99,17437.61,-30,8190,1.417333333333348,2696.8965285252843,5
1/18/2022 22:04,1/18/2022 22:04,34.59967,-82.9425,120,100,17519.6,-29,8086,1.366499999999966,2485.781539875424,1
1/18/2022 22:05,1/18/2022 22:05,34.59633,-82.92183,109,102,17619.57,-28,7964,1.6661666666666861,2326.454471888216,2
1/18/2022 22:06,1/18/2022 22:06,34.5925,-82.90333,102,106,17726.86,-26,7828,1.7881666666666811,2099.1420533239366,4
1/18/2022 22:07,1/18/2022 22:07,34.5885,-82.88633,93,107,17832.63,-26,7695,1.7628333333333406,1940.4701924799217,1
1/18/2022 22:08,1/18/2022 22:08,34.58517,-82.87083,89,102,17919.8,-25,7591,1.4528333333333043,1761.5172939321264,5
1/18/2022 22:09,1/18/2022 22:09,34.582,-82.8555,87,106,18001.79,-27,7474,1.3665000000000267,1739.367381395135,4
1/18/2022 22:10,1/18/2022 22:10,34.57783,-82.84083,81,111,18080.74,-27,7371,1.3158333333333454,1694.5713424429036,5
1/18/2022 22:11,1/18/2022 22:11,34.57433,-82.82833,69,105,18175.83,-27,7264,1.5848333333333358,1442.30466722152,6
1/18/2022 22:12,1/18/2022 22:12,34.57217,-82.817,57,97,18269.71,-27,7136,1.5646666666666231,1281.5607475915947,8
1/18/2022 22:13,1/18/2022 22:13,34.57083,-82.8065,61,95,18348.66,-27,7054,1.3158333333333454,1176.1276485940061,2
1/18/2022 22:14,1/18/2022 22:14,34.57033,-82.79417,70,92,18443.75,-28,6929,1.5848333333333358,1371.1245967394427,3
1/18/2022 22:15,1/18/2022 22:15,34.571,-82.78,78,87,18526.66,-29,6829,1.3818333333333308,1576.2018636951439,5
1/18/2022 22:16,1/18/2022 22:16,34.57217,-82.76433,93,85,18610.78,-30,6726,1.401999999999983,1745.9558426552194,2
1/18/2022 22:17,1/18/2022 22:17,34.57433,-82.74767,91,81,18688.81,-29,6633,1.3005000000000413,1866.602629714927,4
1/18/2022 22:18,1/18/2022 22:18,34.576,-82.7315,81,87,18785.74,-29,6525,1.615500000000005,1806.2213182300832,6
1/18/2022 22:19,1/18/2022 22:19,34.57583,-82.71667,80,92,18891.81,-29,6415,1.7678333333333285,1647.8843903650843,5
1/18/2022 22:20,1/18/2022 22:20,34.575,-82.7015,83,97,18991.78,-28,6330,1.6661666666666255,1688.0748709499999,5
1/18/2022 22:21,1/18/2022 22:21,34.5735,-82.68767,74,96,19083.83,-27,6237,1.534166666666715,1545.6770180020524,1
1/18/2022 22:22,1/18/2022 22:22,34.57217,-82.67383,78,94,19167.65,-25,6161,1.3969999999999954,1544.8605089902724,2
1/18/2022 22:23,1/18/2022 22:23,34.57083,-82.66117,63,96,19272.81,-25,6052,1.7526666666666644,1414.5228915039224,2
1/18/2022 22:24,1/18/2022 22:24,34.57,-82.651,52,92,19371.87,-26,5953,1.6509999999999612,1133.7558676644571,4
1/18/2022 22:25,1/18/2022 22:25,34.56967,-82.64283,43,95,19454.77,-26,5872,1.381666666666691,908.517081546111,3
1/18/2022 22:26,1/18/2022 22:26,34.57017,-82.63567,41,80,19535.85,-24,5802,1.3513333333333017,797.4921878856638,15
1/18/2022 22:27,1/18/2022 22:27,34.571,-82.62783,44,83,19607.78,-23,5733,1.1988333333333383,875.9782939633379,3
1/18/2022 22:28,1/18/2022 22:28,34.57233,-82.62,44,75,19684.9,-24,5666,1.285333333333377,882.4606020264987,8
1/18/2022 22:29,1/18/2022 22:29,34.5745,-82.61183,46,67,19777.86,-23,5589,1.5493333333333188,939.25145586287,8
1/18/2022 22:30,1/18/2022 22:30,34.57633,-82.60367,50,83,19867.78,-23,5497,1.4986666666666375,929.1862903167715,16
1/18/2022 22:31,1/18/2022 22:31,34.577,-82.5945,50,83,19954.95,-24,5415,1.4528333333333647,1021.6038644490583,0
1/18/2022 22:32,1/18/2022 22:32,34.57817,-82.5855,56,85,20029.93,-25,5332,1.2496666666666594,1008.4135888618059,2
1/18/2022 22:33,1/18/2022 22:33,34.5795,-82.57533,56,74,20103.69,-26,5258,1.2293333333333067,1139.6208466548649,11
1/18/2022 22:34,1/18/2022 22:34,34.58183,-82.56433,63,79,20185.68,-26,5184,1.3665000000000267,1249.338823371278,5
1/18/2022 22:35,1/18/2022 22:35,34.58283,-82.55233,67,87,20262.8,-26,5127,1.2853333333333163,1337.9536152442852,8
1/18/2022 22:36,1/18/2022 22:36,34.58283,-82.54017,63,92,20336.87,-27,5061,1.234499999999995,1351.1097599993775,5
1/18/2022 22:37,1/18/2022 22:37,34.58267,-82.52883,61,90,20413.98,-27,4985,1.2851666666666763,1260.1241500556062,2
1/18/2022 22:38,1/18/2022 22:38,34.58167,-82.51867,50,101,20507.86,-27,4914,1.5646666666666835,1134.3426417967914,11
1/18/2022 22:39,1/18/2022 22:39,34.5795,-82.51033,44,115,20577.96,-27,4854,1.168333333333309,957.5196318210435,14
1/18/2022 22:40,1/18/2022 22:40,34.57683,-82.50333,39,115,20636.79,-25,4826,0.9805000000000291,832.4349805339236,0
1/18/2022 22:41,1/18/2022 22:41,34.5745,-82.497,33,107,20701.71,-25,4770,1.0819999999999708,749.466551066082,8
1/18/2022 22:42,1/18/2022 22:42,34.57317,-82.49133,30,104,20769.99,-25,4721,1.1380000000000414,647.0992459647935,3
1/18/2022 22:43,1/18/2022 22:43,34.57283,-82.48683,20,88,20843.75,-25,4667,1.2293333333333067,501.4246280753645,16
1/18/2022 22:44,1/18/2022 22:44,34.5735,-82.48317,20,66,20911.72,-26,4609,1.1328333333333527,413.42400903522156,22
1/18/2022 22:45,1/18/2022 22:45,34.57483,-82.47983,20,62,20994.93,-26,4537,1.3868333333333187,399.45138536643174,4
1/18/2022 22:46,1/18/2022 22:46,34.5765,-82.47583,28,58,21062.9,-26,4484,1.1328333333333527,481.62357134228404,4
1/18/2022 22:47,1/18/2022 22:47,34.579,-82.47133,28,54,21133,-26,4441,1.168333333333309,571.9788802981873,4
1/18/2022 22:48,1/18/2022 22:48,34.58133,-82.4665,30,60,21191.83,-27,4383,0.9805000000000291,595.8471765749088,6
1/18/2022 22:49,1/18/2022 22:49,34.58367,-82.46117,33,63,21258.89,-29,4323,1.117666666666628,646.7815116713122,3
1/18/2022 22:50,1/18/2022 22:50,34.58567,-82.45517,31,65,21332.04,-30,4263,1.219166666666691,702.7276661980475,2
1/18/2022 22:51,1/18/2022 22:51,34.58783,-82.45017,30,66,21402.75,-30,4209,1.1784999999999854,605.1786866903886,1
1/18/2022 22:52,1/18/2022 22:52,34.59017,-82.44483,33,62,21468.89,-30,4153,1.1023333333333236,647.7990468939481,4
1/18/2022 22:53,1/18/2022 22:53,34.59267,-82.43933,33,64,21525.89,-31,4110,0.95,671.2796605857102,2
1/18/2022 22:54,1/18/2022 22:54,34.59467,-82.43417,30,65,21576.79,-31,4071,0.8483333333333576,614.8927312741612,1
1/18/2022 22:55,1/18/2022 22:55,34.596,-82.42833,37,76,21624.04,-31,4037,0.7875,665.5029496083656,11
1/18/2022 22:56,1/18/2022 22:56,34.59767,-82.42233,31,66,21679.81,-31,4006,0.9295000000000072,692.007478927827,10
1/18/2022 22:57,1/18/2022 22:57,34.59933,-82.41667,33,73,21739.86,-32,3961,1.0008333333333213,655.3778517875456,7
1/18/2022 22:58,1/18/2022 22:58,34.60067,-82.41033,37,78,21799.91,-32,3906,1.0008333333333213,720.0061386704112,5
1/18/2022 22:59,1/18/2022 22:59,34.60167,-82.40333,39,86,21849.89,-32,3870,0.8329999999999927,785.6734156446984,8
1/18/2022 23:00,1/18/2022 23:00,34.60133,-82.39567,44,95,21879.76,-33,3849,0.4978333333333164,851.9482568307998,9
1/18/2022 23:01,1/18/2022 23:01,34.60017,-82.38717,48,101,21891.96,-34,3831,0.20333333333334544,953.1976904850964,6
1/18/2022 23:02,1/18/2022 23:02,34.59867,-82.378,52,103,21906.89,-35,3812,0.2488333333333382,1032.4292778950107,2
1/18/2022 23:03,1/18/2022 23:03,34.59667,-82.36833,54,102,21942.86,-36,3776,0.5995000000000194,1097.183290348832,1
1/18/2022 23:04,1/18/2022 23:04,34.5945,-82.3585,56,105,21976.99,-37,3751,0.5688333333333503,1118.5175226385518,3
1/18/2022 23:05,1/18/2022 23:05,34.59217,-82.34867,56,108,22006.86,-37,3730,0.4978333333333164,1122.4839952370462,3
1/18/2022 23:06,1/18/2022 23:06,34.58967,-82.33933,52,110,22037.95,-38,3699,0.5181666666666691,1074.3094999069517,2
1/18/2022 23:07,1/18/2022 23:07,34.587,-82.33083,48,110,22062.95,-38,3686,0.4166666666666667,989.9416446338934,0
1/18/2022 23:08,1/18/2022 23:08,34.5845,-82.32267,44,109,22069.04,-39,3682,0.10150000000000242,948.2632228783712,1
1/18/2022 23:09,1/18/2022 23:09,34.58233,-82.31517,43,108,22071.79,-39,3687,0.04583333333333334,867.5122518960478,1
1/18/2022 23:10,1/18/2022 23:10,34.5805,-82.30817,37,107,22081.85,-39,3654,0.16766666666662788,803.9163037797684,1
1/18/2022 23:11,1/18/2022 23:11,34.57883,-82.30167,35,105,22098.91,-40,3640,0.2843333333333552,745.6773366533208,2
1/18/2022 23:12,1/18/2022 23:12,34.57733,-82.29567,31,104,22123.91,-40,3628,0.4166666666666667,687.183583752032,1
1/18/2022 23:13,1/18/2022 23:13,34.576,-82.29,30,104,22151.04,-40,3611,0.45216666666668365,647.0992459647935,0
1/18/2022 23:14,1/18/2022 23:14,34.57517,-82.28483,28,100,22176.03,-41,3592,0.41649999999996606,581.7995196312821,4
1/18/2022 23:15,1/18/2022 23:15,34.57467,-82.2795,28,94,22198.89,-41,3576,0.3810000000000097,594.8217149871309,6
1/18/2022 23:16,1/18/2022 23:16,34.57433,-82.2745,28,92,22212,-41,3555,0.21850000000000971,556.8379617661657,2
1/18/2022 23:17,1/18/2022 23:17,34.57417,-82.26933,26,90,22230.89,-41,3547,0.31483333333332364,574.718895227975,2
1/18/2022 23:18,1/18/2022 23:18,34.57417,-82.26433,28,87,22243.08,-41,3540,0.20316666666670546,555.5549999994947,3
1/18/2022 23:19,1/18/2022 23:19,34.5745,-82.25917,28,85,22251.92,-41,3538,0.14733333333327514,574.5040430190365,2
1/18/2022 23:20,1/18/2022 23:20,34.57467,-82.254,28,87,22258.02,-41,3530,0.10166666666670304,574.7543381215083,2
1/18/2022 23:21,1/18/2022 23:21,34.57483,-82.24867,28,89,22270.82,-42,3526,0.21333333333332122,592.4884030853041,2
1/18/2022 23:22,1/18/2022 23:22,34.57483,-82.2435,28,87,22283.01,-42,3510,0.20316666666664485,574.4438700007533,2
1/18/2022 23:23,1/18/2022 23:23,34.575,-82.23833,28,89,22297.95,-42,3497,0.2490000000000388,574.7543381215344,2
1/18/2022 23:24,1/18/2022 23:24,34.5745,-82.23167,39,82,21763.94,-43,3842,-8.900166666666701,742.0817464286517,7
1/18/2022 23:25,1/18/2022 23:25,34.577,-82.22583,28,68,20977.86,-44,4410,-13.1013333333333,705.8443791058085,14
1/18/2022 23:27,1/18/2022 23:27,34.57467,-82.20583,70,107,20064.68,-46,5159,-7.609833333333335,2237.2494387397546,39
1/18/2022 23:28,1/18/2022 23:28,34.57467,-82.196,74,97,19209.72,-47,6010,-14.249333333333318,1092.2211300008887,10
1/18/2022 23:29,1/18/2022 23:29,34.57583,-82.18167,63,72,18413.88,-47,6909,-13.264000000000003,1597.4288237829182,25
1/18/2022 23:30,1/18/2022 23:30,34.57467,-82.17017,74,100,17942.66,-47,7525,-7.853666666666686,1284.2605251296193,28
1/18/2022 23:31,1/18/2022 23:31,34.571,-82.154,107,105,17531.79,-48,8203,-6.847833333333316,1842.359095990025,5
1/18/2022 23:32,1/18/2022 23:32,34.56733,-82.13217,133,99,17181.58,-48,8874,-5.836833333333319,2459.5915046880805,6
1/18/2022 23:33,1/18/2022 23:33,34.56467,-82.108,144,96,16852.7,-48,9458,-5.4813333333333505,2701.767408434273,3
1/18/2022 23:34,1/18/2022 23:34,34.56233,-82.08167,148,91,16533.57,-48,10023,-5.31883333333335,2937.083256515004,5
1/18/2022 23:35,1/18/2022 23:35,34.5625,-82.05367,154,84,16229.69,-48,10569,-5.064666666666653,3111.1653406847204,7
1/18/2022 23:36,1/18/2022 23:36,34.5655,-82.02583,146,79,15920.62,-48,11116,-5.151166666666661,3111.23815587715,5
1/18/2022 23:37,1/18/2022 23:37,34.57017,-82.0005,139,77,15634.72,-48,11650,-4.7650000000000245,2861.8747053628963,2
1/18/2022 23:38,1/18/2022 23:38,34.57317,-81.97617,133,86,15213.48,-48,12456,-7.020666666666663,2723.80384462408,9
1/18/2022 23:39,1/18/2022 23:39,34.57433,-81.9505,146,85,14823.64,-48,13247,-6.497333333333336,2855.1300578173286,1
1/18/2022 23:40,1/18/2022 23:40,34.57517,-81.92283,154,89,14403.63,-48,14145,-7.00016666666667,3075.857739112241,4
1/18/2022 23:41,1/18/2022 23:41,34.57583,-81.89567,152,85,13866.57,-48,15365,-8.950999999999992,3018.665643810439,4
1/18/2022 23:42,1/18/2022 23:42,34.5765,-81.86867,148,89,13420.65,-47,16441,-7.432000000000001,3000.9205194797096,4
1/18/2022 23:43,1/18/2022 23:43,34.57683,-81.8415,144,91,13015.57,-47,17480,-6.751333333333332,3019.1085336304077,2
1/18/2022 23:44,1/18/2022 23:44,34.5765,-81.815,144,90,12585.5,-47,18756,-7.167833333333328,2944.669792808168,1
1/18/2022 23:45,1/18/2022 23:45,34.576,-81.78867,126,91,12093.55,-47,20340,-8.19916666666668,2926.080074858032,1
1/18/2022 23:46,1/18/2022 23:46,34.577,-81.76383,130,89,11507.42,-47,22597,-9.76883333333332,2762.2328683742517,2
1/18/2022 23:47,1/18/2022 23:47,34.57683,-81.74033,128,88,10930.43,-47,24887,-9.616499999999997,2611.1768205506987,1
1/18/2022 23:48,1/18/2022 23:48,34.5765,-81.71767,120,89,10388.5,-46,26490,-9.03216666666667,2518.0422358698975,1
1/18/2022 23:49,1/18/2022 23:49,34.5755,-81.6955,124,89,9963.3,-45,27691,-7.086666666666678,2465.835483039683,0
1/18/2022 23:50,1/18/2022 23:50,34.57533,-81.674,115,91,9543.29,-43,28922,-7.00016666666664,2388.96117575951,2
1/18/2022 23:51,1/18/2022 23:51,34.57483,-81.65333,115,90,9173.26,-42,30318,-6.167166666666677,2297.336205698405,1
1/18/2022 23:52,1/18/2022 23:52,34.57433,-81.63283,109,92,8788.3,-40,33387,-6.4160000000000155,2278.452905367946,2
1/18/2022 23:53,1/18/2022 23:53,34.57367,-81.614,102,93,8388.4,-38,34945,-6.664999999999994,2093.5049174522546,1
1/18/2022 23:54,1/18/2022 23:54,34.57267,-81.5955,96,96,8013.19,-36,37183,-6.253500000000001,2058.5543096271704,3
1/18/2022 23:55,1/18/2022 23:55,34.571,-81.57883,91,96,7612.08,-33,39277,-6.685166666666661,1861.491631563501,0
1/18/2022 23:56,1/18/2022 23:56,34.56933,-81.56267,83,101,7236.26,-31,41320,-6.263666666666662,1805.1160905563863,5
1/18/2022 23:57,1/18/2022 23:57,34.56683,-81.54833,81,100,6842.15,-28,43551,-6.56850000000001,1617.3640200010652,1
1/18/2022 23:58,1/18/2022 23:58,34.564,-81.53333,89,103,6461.15,-25,45788,-6.35,1696.068198250553,3
1/18/2022 23:59,1/18/2022 23:59,34.561,-81.51767,85,104,6080.15,-23,48146,-6.35,1771.6390246594626,1
1/19/2022 0:00,1/19/2022 0:00,34.5575,-81.50333,80,105,5709.21,-21,50548,-6.182333333333327,1640.103746450316,1
1/19/2022 0:01,1/19/2022 0:01,34.55417,-81.4885,81,106,5344.97,-18,52972,-6.070666666666663,1688.8060577813653,1
1/19/2022 0:02,1/19/2022 0:02,34.55067,-81.47467,78,107,4967.02,-15,55608,-6.299166666666664,1585.1100867731336,1
1/19/2022 0:03,1/19/2022 0:03,34.54717,-81.4605,81,107,4579.92,-12,58397,-6.451666666666672,1621.759728297685,0
1/19/2022 0:04,1/19/2022 0:04,34.5435,-81.44717,78,109,4198.01,-10,61271,-6.3651666666666635,1536.2187733397864,2
1/19/2022 0:05,1/19/2022 0:05,34.53967,-81.43517,61,107,3820.06,-7,64263,-6.299166666666671,1399.5968672776867,2
1/19/2022 0:06,1/19/2022 0:06,34.53767,-81.42533,48,101,3435.1,-5,67423,-6.416,1115.687234087941,6
1/19/2022 0:07,1/19/2022 0:07,34.53617,-81.41717,43,108,3041.9,-4,70793,-6.55333333333333,921.8571052931031,7
1/19/2022 0:08,1/19/2022 0:08,34.534,-81.4105,44,121,2655.11,-2,74293,-6.4464999999999995,779.3452586329284,13
1/19/2022 0:09,1/19/2022 0:09,34.53133,-81.40383,30,127,2285.09,-1,77736,-6.167,798.2828543884668,6
1/19/2022 0:10,1/19/2022 0:10,34.52767,-81.39933,30,136,1937,0,81197,-5.8015000000000025,644.4974375601082,9
1/19/2022 0:11,1/19/2022 0:11,34.52483,-81.39683,19,150,1559.97,0,85072,-6.283833333333333,420.39915437400555,14
1/19/2022 0:12,1/19/2022 0:12,34.52283,-81.39583,9,149,1184.76,2,89028,-6.253500000000001,248.45174904775317,1
1/19/2022 0:13,1/19/2022 0:13,34.52267,-81.39417,13,50,831.8,3,93003,-5.882666666666667,185.29903884698007,99
1/19/2022 0:14,1/19/2022 0:14,34.52433,-81.393,7,8,458.72,4,97216,-6.217999999999999,225.6538305614696,42